ID;var1;var2;var3;var4;var5;var6;var7;var8;var9;var10;var11;var12;var13;var14;var15;var16;var17;var18;var19;var20;var21;var22;var23;var24;var25;var26;var27;var28;var29;var30;var31;var32;var33;var34;var35;var36;var37;var38;var39;var40;var41;var42;var43;Type;Location
GCF_000008585;1;1;1;0;0;0;0;0;0;0;0;0;1;1;1;1;1;0;1;1;1;1;0;1;1;1;1;1;1;1;1;1;0;0;0;0;1;1;1;1;1;1;1;X3;China
GCF_000009445;1;1;0;1;1;1;1;1;0;1;1;1;1;1;1;0;1;1;1;1;1;1;1;1;1;1;1;1;1;1;1;1;1;1;1;1;1;1;0;0;0;0;0;BOV_1;China
GCF_000010685;1;1;0;1;1;1;1;1;0;1;1;1;1;1;1;0;1;1;1;1;1;1;1;1;1;1;1;1;1;1;1;1;1;1;1;1;1;1;0;0;0;0;0;BOV_1;China
GCF_000016145;1;1;1;1;0;1;1;1;1;1;1;1;1;1;1;1;1;1;1;0;0;1;1;1;1;1;1;1;1;1;1;1;0;0;0;0;1;1;1;1;1;1;1;T-H37Rv;China
GCF_000016925;1;1;1;1;1;1;1;1;0;0;0;1;1;1;1;1;1;1;1;1;0;0;0;0;1;1;1;1;1;1;1;1;0;0;0;0;1;1;1;1;1;1;1;LAM3;China
GCF_000023625;1;1;1;1;1;1;1;1;1;1;1;1;1;1;1;1;1;1;1;1;0;0;0;0;1;1;1;1;1;1;1;1;0;0;0;0;1;1;1;0;1;1;1;LAM9;China
GCF_000153685;1;1;1;1;1;1;1;0;1;1;1;1;1;1;1;1;1;1;1;1;1;1;1;1;1;1;1;1;1;1;1;1;0;0;0;0;1;1;1;1;0;1;1;T1;China
GCF_000154585;1;1;1;1;1;1;1;1;1;1;1;1;1;1;1;1;1;1;1;1;0;0;0;0;1;1;1;1;1;1;1;1;0;0;0;0;1;1;1;0;1;1;1;LAM9;China
GCF_000154605;1;1;1;1;1;1;1;1;1;1;1;1;1;1;1;1;1;1;1;1;0;0;0;0;1;1;1;1;1;1;1;1;0;0;0;0;1;1;1;0;1;1;1;LAM9;China
GCF_000162975;1;1;1;1;1;1;1;1;1;1;1;1;1;1;1;1;1;1;1;1;0;0;0;0;1;1;1;1;1;1;1;1;0;0;0;0;1;1;1;0;1;1;1;LAM9;China
GCF_000162995;1;1;1;1;1;1;1;1;1;1;1;1;1;1;1;1;1;1;1;1;0;0;0;0;1;1;1;1;1;1;1;1;0;0;0;0;1;1;1;0;1;1;1;LAM9;China
GCF_000163015;1;1;1;1;1;1;1;1;1;1;1;1;1;1;1;1;1;1;1;1;0;0;0;0;1;1;1;1;1;1;1;1;0;0;0;0;1;1;1;0;1;1;1;LAM9;China
GCF_000184005;0;0;0;0;0;0;0;0;0;0;0;0;0;0;0;0;0;0;0;0;0;0;0;0;0;0;0;0;0;0;0;0;0;0;0;0;1;1;1;1;1;1;1;Beijing;China
GCF_000184025;0;0;0;0;0;0;0;0;0;0;0;0;0;0;0;0;0;0;0;0;0;0;0;0;0;0;0;0;0;0;0;0;0;0;0;0;1;1;1;1;1;1;1;Beijing;China
GCF_000184045;0;0;0;0;0;0;0;0;0;0;0;0;0;0;0;0;0;0;0;0;0;0;0;0;0;0;0;0;0;0;0;0;0;0;0;0;1;1;1;1;1;1;1;Beijing;China
GCF_000193185;0;0;0;0;0;0;0;0;0;0;0;0;0;0;0;0;0;0;0;0;0;0;0;0;0;0;0;0;0;0;0;0;0;0;1;1;1;1;1;1;1;1;1;Beijing;China
GCF_000195835;1;1;0;1;1;0;1;0;0;0;0;0;1;1;1;0;1;1;1;1;1;1;1;1;1;1;1;1;1;1;1;1;1;1;1;1;1;1;0;0;0;0;0;BOV_2;China
GCF_000195955;1;1;1;1;1;1;1;1;1;1;1;1;1;1;1;1;1;1;1;0;0;1;1;1;1;1;1;1;1;1;1;1;0;0;0;0;1;1;1;1;1;1;1;T-H37Rv;China
GCF_000220415;1;1;1;1;1;1;1;1;1;1;1;1;1;1;1;1;1;0;1;1;1;1;1;1;1;1;1;1;1;1;1;1;0;0;0;0;1;1;1;0;1;1;1;X1;China
GCF_000220435;1;1;1;1;1;1;1;1;1;1;1;1;1;1;1;1;1;0;1;1;1;1;1;1;1;1;1;1;1;1;1;1;0;0;0;0;1;1;1;0;1;1;1;X1;France
GCF_000220455;1;1;0;0;0;0;0;0;0;0;0;0;0;0;0;0;0;0;1;1;1;1;1;1;1;1;1;1;1;0;0;0;0;0;0;0;0;0;0;0;0;0;0;BOV;France
GCF_000224435;1;1;1;1;1;1;1;1;1;1;1;1;1;1;1;1;1;1;1;1;0;0;0;0;1;1;1;1;1;1;1;1;0;0;0;0;1;1;1;1;1;1;1;LAM9;France
GCF_000234725;1;1;0;1;1;1;1;1;0;1;1;1;1;1;1;0;1;1;1;1;1;1;1;1;1;1;1;1;1;1;1;1;1;1;1;1;1;1;0;0;0;0;0;BOV_1;France
GCF_000253355;1;1;1;1;1;1;0;0;0;1;1;1;1;1;1;1;1;1;1;1;1;1;1;1;1;1;1;1;1;1;1;1;1;1;1;1;1;1;0;1;1;1;1;AFRI_1;France
GCF_000263135;1;1;1;1;1;1;1;1;1;1;1;1;1;1;1;1;1;1;1;0;0;1;1;1;1;1;1;1;1;1;1;1;0;0;0;0;1;1;1;1;1;1;1;T-H37Rv;France
GCF_000270365;0;0;0;0;0;0;0;0;0;0;0;0;0;0;0;0;0;0;0;0;0;0;0;0;0;0;0;0;0;0;0;0;0;0;1;1;1;1;1;1;1;1;1;Beijing;France
GCF_000277735;1;1;1;1;1;1;1;1;1;1;1;1;1;1;1;1;1;1;1;0;0;1;1;1;1;1;1;1;1;1;1;1;0;0;0;0;1;1;1;1;1;1;1;T-H37Rv;France
GCF_000304555;1;1;1;1;1;1;0;0;0;0;0;0;0;1;1;1;1;1;1;1;0;0;0;0;1;1;1;1;1;1;1;1;0;0;0;0;1;1;0;1;1;1;1;LAM5;France
GCF_000331445;0;0;1;1;1;1;1;1;1;1;1;1;1;1;1;1;1;1;1;1;1;1;1;0;1;0;0;0;0;0;0;1;0;0;0;0;1;1;1;1;1;1;1;H1;France
GCF_000338715;1;1;0;1;1;1;1;1;0;1;1;1;1;1;1;0;1;1;1;1;1;1;1;1;1;1;1;1;1;1;1;1;1;1;1;1;1;1;0;0;0;0;0;BOV_1;France
GCF_000350205;1;1;1;1;1;1;1;1;1;1;1;1;1;0;1;1;1;1;1;1;1;1;1;1;1;0;0;0;0;0;0;1;0;0;0;0;1;1;1;1;1;1;1;H1;France
GCF_000400615;0;0;0;0;0;0;0;0;0;0;0;0;0;0;0;0;0;0;0;0;0;0;0;0;0;0;0;0;0;0;0;0;0;0;1;1;1;1;1;1;1;1;1;Beijing;France
GCF_000417925;1;1;1;1;1;1;0;0;1;1;1;1;1;1;1;1;1;0;0;0;0;0;0;1;1;1;1;1;1;1;1;1;0;0;0;0;0;0;0;1;1;1;1;T1;France
GCF_000422125;1;1;1;1;1;1;1;1;1;1;1;1;1;1;1;1;1;1;1;0;0;1;1;1;1;1;1;1;1;1;1;1;0;0;0;0;1;1;1;1;1;1;1;T-H37Rv;France
GCF_000442795;1;1;0;1;1;1;1;1;0;0;0;1;1;1;1;1;1;1;1;0;0;0;0;0;0;0;0;0;0;0;0;0;0;0;0;0;0;0;1;1;1;1;1;Unknown;France
GCF_000442945;1;1;1;1;1;1;1;1;1;1;1;1;1;1;1;1;1;1;1;0;0;0;0;0;1;1;1;1;1;1;1;1;0;0;0;0;1;1;1;1;1;1;1;LAM9;France
GCF_000442965;1;1;1;1;1;1;1;1;1;1;1;1;1;1;1;1;1;0;0;1;0;0;0;0;1;0;0;1;1;1;1;1;0;0;0;0;1;1;1;1;1;1;1;LAM9;France
GCF_000443005;1;1;1;1;1;1;1;1;1;1;1;1;1;1;1;1;1;0;0;1;0;0;0;0;1;0;0;1;1;1;1;1;0;0;0;0;1;1;1;1;1;1;1;LAM9;France
GCF_000443305;1;0;1;1;1;1;1;1;1;1;1;1;1;1;1;1;0;0;0;1;0;0;0;0;1;0;0;0;0;0;1;1;0;0;0;0;1;1;1;1;1;1;1;LAM9;France
GCF_000443325;1;1;1;1;1;1;1;0;0;0;0;0;0;0;0;0;0;0;0;1;0;0;0;0;1;0;0;0;1;1;1;1;0;0;0;0;1;1;1;1;1;1;1;LAM5;France
GCF_000443345;1;1;1;1;1;1;1;1;1;1;1;1;1;1;1;1;1;1;1;0;0;1;1;1;0;0;0;0;0;0;0;0;0;0;0;0;0;0;0;0;0;0;0;Unknown;France
GCF_000443365;1;1;1;1;1;1;1;1;1;1;1;1;1;1;1;1;1;1;1;0;0;1;0;1;1;1;1;1;1;1;1;1;0;0;0;0;1;1;1;1;1;1;1;T-H37Rv;France
GCF_000443405;1;1;1;1;1;1;1;1;0;0;0;1;1;1;1;1;1;1;1;1;0;0;0;0;1;0;1;1;1;1;1;1;0;0;0;0;1;1;1;1;1;1;1;LAM3;France
GCF_000443425;1;0;0;0;0;0;0;0;0;0;0;0;0;0;0;0;0;0;0;1;0;0;0;0;1;1;1;1;1;1;1;1;0;0;0;0;1;1;1;1;1;1;1;LAM;France
GCF_000443445;1;1;1;1;1;1;1;1;1;1;1;1;1;1;1;1;1;1;1;1;0;0;0;0;1;1;1;1;1;1;1;1;0;0;0;0;1;1;1;0;1;1;1;LAM9;France
GCF_000443465;1;1;1;1;1;1;1;1;1;1;1;1;1;1;1;1;1;1;1;0;0;0;0;0;1;1;1;1;1;1;1;1;0;0;0;0;1;1;1;1;1;1;1;LAM9;France
GCF_000443485;1;1;1;1;1;1;1;1;1;1;1;0;0;0;0;0;0;0;0;1;0;0;0;0;1;0;0;0;0;0;0;0;0;0;0;0;0;0;0;0;1;1;1;Unknown;France
GCF_000443505;1;1;1;1;1;1;1;1;1;1;1;1;1;1;1;1;1;1;1;0;0;0;0;0;1;1;1;1;1;1;1;1;0;0;0;0;1;1;1;1;1;1;1;LAM9;France
GCF_000443525;1;1;1;1;1;1;1;1;1;1;1;1;1;1;1;1;1;0;0;1;0;0;0;0;1;0;0;0;1;1;1;1;0;0;0;0;1;1;1;1;1;1;1;LAM9;France
GCF_000443545;1;1;1;1;1;1;1;1;1;1;1;1;1;1;1;1;1;1;1;1;0;0;0;0;1;1;1;1;1;1;1;1;0;0;0;0;1;1;1;1;1;1;1;LAM9;France
GCF_000443575;1;1;1;1;1;1;1;1;1;1;1;1;1;1;1;1;0;0;0;1;0;0;0;0;1;0;0;0;0;0;0;0;0;0;0;0;0;0;0;1;1;1;1;Unknown;France
GCF_000443595;1;1;0;1;1;1;1;1;1;1;1;1;0;0;0;0;0;0;0;1;0;0;0;0;1;0;0;0;1;1;1;1;0;0;0;0;1;1;1;1;1;1;1;LAM;France
GCF_000443615;1;1;1;1;1;1;1;1;1;1;1;1;1;1;1;1;1;0;0;1;0;0;0;0;1;0;0;0;1;1;1;1;0;0;0;0;1;1;1;1;1;1;1;LAM9;France
GCF_000443635;1;1;1;1;1;1;1;1;1;1;1;1;1;1;1;1;1;1;0;1;0;0;0;0;1;0;0;0;1;1;1;1;0;0;0;0;1;1;1;1;1;1;1;LAM9;France
GCF_000443655;0;0;0;1;0;0;0;0;1;1;0;0;0;0;0;0;0;0;1;0;0;0;0;0;1;0;0;0;0;0;1;1;0;0;0;0;0;0;0;0;0;1;1;LAM;France
GCF_000443675;1;1;1;1;1;1;1;1;1;1;0;0;0;0;0;0;0;0;0;0;0;0;0;1;1;0;0;0;0;0;0;0;0;0;0;0;0;0;0;0;0;0;0;Unknown;France
GCF_000443695;1;1;1;1;1;1;1;1;1;1;1;1;1;1;1;1;1;1;1;0;0;1;1;1;0;0;0;0;0;0;0;0;0;0;0;0;0;0;0;0;0;0;0;Unknown;France
GCF_000443715;1;1;1;1;1;1;1;1;1;1;1;1;1;1;1;1;0;0;0;1;0;0;0;0;1;0;0;0;0;1;1;1;0;0;0;0;1;1;1;1;1;1;1;LAM9;France
GCF_000443755;1;1;1;1;1;1;0;0;1;1;1;1;1;1;1;1;1;0;0;0;0;0;0;1;1;1;1;1;1;1;1;1;0;0;0;0;1;1;1;1;1;1;1;T1;France
GCF_000443795;0;0;0;0;0;0;0;0;0;0;0;0;0;0;0;0;0;0;0;1;0;0;0;0;1;0;0;0;0;0;0;0;0;0;0;0;0;0;0;0;1;1;1;Unknown;France
GCF_000443815;0;0;0;0;0;0;0;0;0;0;0;0;0;0;0;0;0;0;0;1;0;0;0;0;1;1;1;1;1;1;1;1;0;0;0;0;1;1;1;1;1;1;1;LAM;France
GCF_000443835;1;1;1;1;1;1;1;1;0;0;0;0;0;0;0;0;0;0;1;1;0;0;0;0;1;1;1;1;1;1;1;1;0;0;0;0;1;1;1;1;1;1;1;LAM5;France
GCF_000443855;1;1;1;1;1;1;1;1;1;1;0;0;0;0;1;1;1;1;1;0;0;0;0;0;1;0;1;1;1;1;1;1;0;0;0;0;1;1;1;1;1;1;1;LAM5;France
GCF_000443875;1;1;1;1;1;1;1;1;1;1;1;1;1;1;1;1;1;0;1;1;0;0;0;0;1;0;0;1;1;1;1;1;0;0;0;0;1;1;1;1;1;1;1;LAM9;France
GCF_000443895;1;1;1;1;1;1;1;1;1;1;1;1;1;1;1;1;1;0;1;0;0;1;1;1;1;0;0;0;0;1;1;1;0;0;0;0;1;1;1;1;1;1;1;X1;France
GCF_000443915;1;1;1;1;1;0;0;0;1;1;0;1;1;1;0;0;0;0;0;0;0;0;0;0;0;0;0;0;0;0;0;0;0;0;0;0;0;0;1;1;1;1;1;Unknown;France
GCF_000443935;1;1;1;1;1;1;1;1;1;1;0;0;0;0;1;1;1;0;1;1;0;0;0;0;1;0;0;1;1;1;1;1;0;0;0;0;1;1;1;1;1;1;1;LAM5;France
GCF_000445245;1;1;1;1;1;1;1;1;1;1;1;1;1;1;1;1;1;1;1;0;0;0;0;0;1;1;1;1;1;1;1;1;0;0;0;0;1;1;1;1;1;1;1;LAM9;France
GCF_000445265;1;1;1;1;1;1;1;1;1;1;1;1;1;1;1;1;1;1;1;1;0;0;0;0;1;1;1;1;1;1;1;1;0;0;0;0;1;1;1;0;1;1;1;LAM9;France
GCF_000445285;1;1;1;1;1;1;1;1;1;1;1;1;1;1;1;1;1;0;0;1;0;0;0;0;1;0;0;0;0;0;0;0;0;0;0;0;0;0;1;1;1;1;1;Unknown;France
GCF_000445305;1;1;1;1;1;1;1;1;1;1;0;0;0;0;0;0;0;0;0;1;0;0;0;0;1;0;0;0;0;0;0;0;0;0;0;0;0;0;0;0;0;0;0;Unknown;France
GCF_000445325;1;1;1;1;1;1;1;1;1;1;0;0;0;0;0;0;0;0;0;1;0;0;0;0;1;0;0;0;0;0;0;1;0;0;0;0;1;0;1;1;1;1;1;H1;France
GCF_000445345;1;1;1;1;1;1;1;1;1;1;1;1;1;1;0;0;0;0;0;1;0;0;0;0;1;0;0;0;0;0;1;1;0;0;0;0;1;1;1;1;1;1;1;LAM9;France
GCF_000445365;1;1;1;1;1;1;1;1;1;1;1;1;1;1;1;1;1;1;1;1;0;0;0;0;1;0;1;1;1;1;1;1;0;0;0;0;1;1;1;0;1;1;1;LAM9;France
GCF_000445515;0;0;0;0;0;0;0;0;0;0;0;0;0;0;0;0;0;0;0;0;0;0;0;0;0;0;0;0;0;0;0;0;0;0;0;0;1;1;1;1;1;1;1;Beijing;France
GCF_000445535;0;0;0;0;0;0;0;0;0;0;0;0;0;0;0;0;0;0;0;0;0;0;0;0;0;0;0;0;0;0;0;0;0;0;0;0;1;1;1;1;1;1;1;Beijing;France
GCF_000445555;1;1;1;1;0;0;0;0;0;0;0;0;0;0;0;0;0;0;0;1;0;0;0;0;1;0;0;0;0;0;0;0;0;0;0;0;0;0;0;0;0;0;0;Unknown;France
GCF_000445575;1;1;1;1;1;1;1;1;1;1;1;1;1;1;1;1;1;1;1;0;0;0;0;0;1;1;1;1;1;1;1;1;0;0;0;0;1;1;1;1;1;1;1;LAM9;France
GCF_000445595;1;1;1;1;1;1;1;1;1;1;1;1;1;1;1;1;1;1;1;0;0;0;0;0;1;1;1;1;1;1;1;1;0;0;0;0;1;1;1;1;1;1;1;LAM9;France
GCF_000445615;1;0;0;1;1;1;1;1;0;0;0;1;1;1;1;1;1;1;1;0;0;0;0;0;0;0;0;0;0;0;0;0;0;0;0;0;0;0;1;1;1;1;1;Unknown;France
GCF_000445635;1;1;1;1;1;1;1;1;1;1;1;1;1;1;0;0;0;0;0;1;0;0;0;0;1;0;0;0;1;1;1;1;0;0;0;0;1;1;1;1;1;1;1;LAM9;France
GCF_000445655;1;0;0;0;0;0;0;0;0;0;0;1;1;1;1;1;1;1;1;0;0;0;0;0;0;0;0;0;0;0;0;0;0;0;0;0;0;0;1;1;1;1;1;Unknown;France
GCF_000445675;1;1;1;1;1;1;1;1;1;1;1;1;1;1;1;1;1;1;1;0;0;0;0;0;1;1;1;1;1;1;1;1;0;0;0;0;1;1;1;1;1;1;1;LAM9;France
GCF_000445695;1;0;0;1;1;0;0;0;0;0;0;1;1;1;1;1;1;1;1;0;0;0;0;0;0;0;0;0;0;0;0;0;0;0;0;0;0;0;1;1;1;1;1;Unknown;France
GCF_000445715;1;1;1;1;1;1;1;1;1;1;1;1;1;1;1;1;1;1;1;0;0;1;1;1;1;1;1;1;0;0;0;0;0;0;0;0;0;0;0;0;0;0;1;Unknown;France
GCF_000445735;1;1;1;1;1;1;1;1;1;1;1;1;1;1;1;1;0;0;0;1;0;0;0;0;1;0;0;0;0;0;0;0;0;0;0;0;0;0;1;1;1;1;1;Unknown;France
GCF_000445755;1;1;1;1;1;1;1;1;1;1;1;1;1;1;1;1;0;0;0;1;0;0;0;0;1;0;0;0;0;0;0;0;0;0;0;0;0;0;0;0;0;0;0;Unknown;France
GCF_000445775;1;0;0;1;0;0;1;1;0;0;0;0;0;0;0;0;0;0;0;0;0;0;0;0;0;0;0;0;0;0;0;0;0;0;0;0;0;0;1;0;0;1;1;Unknown;India
GCF_000445795;1;1;1;1;1;1;1;1;1;1;1;1;1;1;1;1;1;0;0;0;0;0;0;1;0;0;0;0;0;0;0;0;0;0;0;0;0;0;0;1;1;1;1;Unknown;India
GCF_000445815;1;1;1;1;1;1;1;1;1;1;1;1;1;1;1;1;1;1;1;0;0;0;0;0;1;1;1;1;1;1;1;1;0;0;0;0;1;1;1;1;1;1;1;LAM9;India
GCF_000445835;1;1;0;0;0;0;0;0;0;0;0;0;0;0;0;0;0;0;0;1;0;0;0;0;1;0;0;0;0;1;1;1;0;0;0;0;1;1;1;1;1;1;1;LAM;India
GCF_000445855;1;1;1;1;1;1;1;1;1;1;1;1;1;1;1;1;1;1;1;0;0;0;0;0;1;1;1;1;1;1;1;1;0;0;0;0;1;1;1;1;1;1;1;LAM9;India
GCF_000445875;1;1;1;1;1;1;1;1;1;1;1;1;1;1;1;1;1;1;1;0;0;1;1;1;0;0;0;0;0;0;0;0;0;0;0;0;0;0;0;0;0;0;0;Unknown;India
GCF_000445895;1;1;1;1;1;1;1;1;1;1;1;1;1;1;1;1;1;1;1;0;0;1;1;1;1;0;1;1;1;1;1;1;0;0;0;0;1;0;0;0;0;1;1;T-H37Rv;India
GCF_000445915;1;1;1;1;1;1;1;1;1;1;1;1;1;1;1;1;1;1;1;1;0;0;0;0;1;1;1;1;1;1;1;1;0;0;0;0;1;1;1;1;1;1;1;LAM9;India
GCF_000445935;1;0;0;1;1;1;1;1;0;0;0;1;1;1;1;1;1;1;1;0;0;0;0;0;0;0;0;0;0;0;0;0;0;0;0;0;0;0;1;1;1;1;1;Unknown;India
GCF_000445955;0;1;0;1;0;0;1;1;1;1;0;0;0;0;0;0;0;0;0;1;0;0;0;0;1;1;1;1;1;1;1;1;0;0;0;0;1;1;1;1;1;1;1;LAM;India
GCF_000445975;1;1;1;1;1;1;1;1;1;1;1;1;1;1;1;1;1;0;0;1;0;0;0;0;1;0;0;0;0;0;0;0;0;0;0;0;0;0;0;1;1;1;1;Unknown;India
GCF_000572125;0;0;0;0;0;0;0;0;0;0;0;0;0;0;0;0;0;0;0;0;0;0;0;0;0;0;0;0;0;0;0;0;0;0;1;1;1;1;1;1;1;1;1;Beijing;India
GCF_000572155;0;0;0;0;0;0;0;0;0;0;0;0;0;0;0;0;0;0;0;0;0;0;0;0;0;0;0;0;0;0;0;0;0;0;1;1;1;1;1;1;1;1;1;Beijing;India
GCF_000572175;0;0;0;0;0;0;0;0;0;0;0;0;0;0;0;0;0;0;0;0;0;0;0;0;0;0;0;0;0;0;0;0;0;0;1;1;1;1;1;1;1;1;1;Beijing;India
GCF_000572195;0;0;0;0;0;0;0;0;0;0;0;0;0;0;0;0;0;0;0;0;0;0;0;0;0;0;0;0;0;0;0;0;0;0;1;1;1;1;1;1;1;1;1;Beijing;India
GCF_000698475;0;0;0;0;0;0;0;0;0;0;0;0;0;0;0;0;0;0;0;0;0;0;0;0;0;0;0;0;0;0;0;0;0;0;1;1;1;1;1;1;1;1;1;Beijing;India
GCF_000706665;0;0;0;0;0;0;0;0;0;0;0;0;0;0;0;0;0;0;0;0;0;0;0;0;0;0;0;0;0;0;0;0;0;0;1;1;1;1;1;1;1;1;1;Beijing;India
GCF_000735815;0;0;0;0;0;0;0;0;0;0;0;0;0;0;0;0;0;0;0;0;0;0;0;0;0;0;0;0;0;0;0;0;0;0;1;1;1;0;0;0;0;1;1;Beijing;India
GCF_000735835;0;0;0;0;0;0;0;0;0;0;0;0;0;0;0;0;0;0;0;0;0;0;0;0;0;0;0;0;0;0;0;0;0;0;1;0;1;0;1;1;1;1;1;Beijing;India
GCF_000735975;0;0;0;0;0;0;0;0;0;0;0;0;0;0;0;0;0;0;0;0;0;0;0;0;0;0;0;0;0;0;0;0;0;0;0;0;0;0;0;0;0;0;0;ATYPICAL;India
GCF_000736015;0;0;0;0;0;0;0;0;0;0;0;0;0;0;0;0;0;0;0;0;0;0;0;0;0;0;0;0;0;0;0;0;0;0;1;0;0;1;1;1;0;0;0;Beijing;India
GCF_000738445;1;1;1;1;1;1;1;1;1;1;1;1;0;1;1;1;1;1;1;0;0;1;1;1;1;1;1;1;1;1;1;1;0;0;0;0;1;1;1;1;1;1;1;T3;India
GCF_000738475;1;1;1;1;1;1;1;1;1;1;1;1;0;1;1;1;1;1;1;0;0;1;1;1;1;1;1;1;1;1;1;1;0;0;0;0;1;1;1;1;1;1;1;T3;India
GCF_000746805;1;1;1;1;1;1;1;1;1;1;1;1;1;1;1;1;1;1;1;0;0;1;1;1;1;0;1;1;1;1;1;1;0;0;0;0;1;1;1;1;1;1;1;T-H37Rv;India
GCF_000751475;1;1;1;1;1;1;1;1;1;1;1;1;1;1;1;1;1;1;1;0;0;1;1;1;1;1;1;1;1;1;1;1;0;0;0;0;1;1;1;1;1;1;1;T-H37Rv;South_Africa
GCF_000751615;1;1;1;1;1;1;1;1;1;1;1;1;1;1;1;1;1;1;1;0;0;1;1;1;1;0;1;1;1;1;1;1;0;0;0;0;1;1;1;1;1;1;1;T-H37Rv;South_Africa
GCF_000756525;0;0;0;0;0;0;0;0;0;0;0;0;0;0;0;0;0;0;0;0;0;0;0;0;0;0;0;0;0;0;0;0;0;0;1;1;1;1;1;1;1;1;1;Beijing;South_Africa
GCF_000756545;1;1;0;1;1;1;1;1;1;1;1;1;1;1;1;1;1;1;1;0;0;1;1;1;1;1;1;1;0;0;0;0;1;0;1;1;1;1;1;0;1;1;1;EAI2-Manila;South_Africa
GCF_000786505;0;0;0;0;0;0;0;0;0;0;0;0;0;0;0;0;0;0;0;0;0;0;0;0;0;0;0;0;0;0;0;0;0;0;1;1;1;1;1;1;1;1;1;Beijing;South_Africa
GCF_000827085;1;1;1;1;1;1;1;1;1;1;1;1;1;1;1;1;1;1;1;0;0;1;1;1;1;1;1;1;1;1;1;1;0;0;0;0;1;1;1;1;1;1;1;T-H37Rv;South_Africa
GCF_000828995;1;1;1;1;1;1;1;1;1;1;1;1;1;1;1;1;1;1;1;1;1;1;1;1;1;1;1;1;0;1;1;1;0;0;0;0;1;1;1;1;1;1;1;T1;South_Africa
GCF_000835125;0;0;0;0;0;0;0;0;0;0;0;0;0;0;0;0;0;0;0;0;0;0;0;0;0;0;0;0;0;0;0;0;0;0;1;1;1;1;1;1;1;1;1;Beijing;South_Africa
GCF_000934325;1;1;0;1;1;1;1;1;0;1;1;1;1;1;1;0;1;1;1;1;0;1;1;1;1;1;1;1;1;1;1;1;1;1;1;1;1;1;0;0;0;0;0;BOV_1;South_Africa
GCF_000934585;0;0;0;0;0;0;0;0;0;0;0;0;0;0;0;0;0;0;0;0;0;0;0;0;0;0;0;0;0;0;0;0;0;0;0;0;0;0;0;0;0;0;0;ATYPICAL;South_Africa
GCF_000967285;1;1;0;1;1;1;1;1;0;1;1;1;1;1;1;0;1;1;1;1;1;1;1;1;1;1;1;1;1;1;1;1;1;1;1;1;1;1;0;0;0;0;0;BOV_1;South_Africa
GCF_001043255;1;1;0;1;1;1;1;1;0;1;1;1;1;1;1;0;1;1;1;1;1;1;1;1;1;1;1;1;1;1;1;1;1;1;1;1;1;1;0;0;0;0;0;BOV_1;South_Africa
GCF_001078615;1;1;0;1;1;0;1;0;0;0;0;0;1;1;1;0;1;1;1;1;1;1;1;1;1;1;1;1;1;1;1;1;1;1;1;1;1;1;0;0;0;0;0;BOV_2;South_Africa
GCF_001274555;1;1;0;1;1;1;1;1;0;1;1;1;1;1;1;0;1;1;1;1;1;1;1;1;1;1;1;1;1;1;1;1;1;1;1;1;1;1;0;0;0;0;0;BOV_1;South_Africa
GCF_001275565;0;0;0;0;0;0;0;0;0;0;0;0;0;0;0;0;0;0;0;0;0;0;0;0;0;0;0;0;0;0;0;0;0;0;1;1;1;1;1;1;1;1;1;Beijing;South_Africa
GCF_001293105;1;1;0;0;0;1;1;1;0;1;1;1;1;1;1;0;1;1;1;1;1;1;1;1;1;1;1;1;1;1;0;1;1;0;0;1;1;1;0;0;0;0;0;BOV_1;South_Africa
GCF_001483905;1;1;0;1;1;1;1;1;0;1;1;1;1;1;1;0;1;1;1;1;1;1;1;1;1;1;1;1;1;1;1;1;1;1;1;1;1;1;0;0;0;0;0;BOV_1;South_Africa
GCF_001544705;1;1;1;1;1;1;1;1;1;1;1;1;1;1;1;1;1;1;1;0;0;1;1;1;1;1;1;1;1;1;1;1;0;0;0;0;1;1;1;1;1;1;1;T-H37Rv;South_Africa
GCF_001545015;1;1;1;1;1;1;1;1;1;1;1;1;1;1;1;1;1;1;1;1;1;1;1;1;1;1;1;1;1;1;1;1;0;0;0;0;1;1;1;0;0;0;0;T1;South_Africa
GCF_001580385;1;1;0;1;1;1;1;1;0;1;1;1;1;1;1;0;1;1;1;1;1;1;1;1;1;1;1;1;1;1;1;1;1;1;1;1;1;1;0;0;0;0;0;BOV_1;South_Africa
GCF_001584745;0;0;0;0;0;0;0;0;0;0;0;0;0;0;0;0;0;0;0;0;0;0;0;0;0;0;0;0;0;0;0;0;0;0;1;1;1;1;1;1;1;1;1;Beijing;South_Africa
GCF_001593225;1;1;1;1;1;1;0;0;0;1;1;1;1;1;1;1;1;1;1;1;1;0;0;0;1;1;1;1;1;1;1;1;1;1;0;0;1;1;0;1;1;1;1;AFRI_1;South_Africa
GCF_001597645;1;1;1;1;1;1;1;1;1;1;1;1;1;1;1;1;1;1;1;1;1;1;1;1;1;1;1;1;0;0;0;0;1;0;1;1;0;0;1;0;1;1;1;EAI1-MYS;South_Africa
GCF_001702435;0;0;0;0;0;0;0;0;0;0;0;0;0;0;0;0;0;0;0;0;0;0;0;0;0;0;0;0;0;0;0;0;0;0;1;1;1;1;1;1;1;1;1;Beijing;South_Africa
GCF_001708265;0;0;0;0;0;0;0;0;0;0;0;0;0;0;0;0;0;0;0;0;0;0;0;0;0;0;0;0;0;0;0;0;0;0;1;1;1;1;1;1;1;1;1;Beijing;South_Africa
GCF_001750865;0;0;0;0;0;0;0;0;0;0;0;0;0;0;0;0;0;0;0;0;0;0;0;0;0;0;0;0;0;0;0;0;0;0;1;1;1;1;1;1;1;1;1;Beijing;South_Africa
GCF_001855255;0;0;0;0;0;0;0;0;0;0;0;0;0;0;0;0;0;0;0;0;0;0;0;0;0;0;0;0;0;0;0;0;0;0;1;1;1;1;1;1;1;1;1;Beijing;South_Africa
GCF_001870145;0;0;0;0;0;0;0;0;0;0;0;0;0;0;0;0;0;0;0;0;0;0;0;0;0;0;0;0;0;0;0;0;0;0;1;1;1;1;1;1;1;1;1;Beijing;South_Africa
GCF_001895765;1;1;1;1;1;1;1;1;1;1;1;1;1;1;1;1;0;0;0;0;0;1;1;1;1;1;1;1;0;1;1;1;0;0;0;0;1;1;1;1;1;1;1;T1;South_Africa
GCF_001895785;1;1;1;1;1;1;1;1;1;1;1;1;0;1;1;1;1;1;1;1;0;0;0;0;1;1;1;1;1;1;1;1;0;0;0;0;1;1;1;1;1;1;1;LAM5;South_Africa
GCF_001895805;1;1;0;1;1;1;1;1;1;1;1;1;1;1;1;1;1;1;1;0;0;1;0;1;1;1;1;1;0;1;1;1;0;0;0;0;1;1;1;0;1;1;1;T2;Portugal
GCF_001895825;1;1;1;1;1;1;1;1;1;1;1;1;1;0;0;0;0;0;1;1;1;1;1;1;1;1;1;1;0;1;1;1;0;0;0;0;1;1;1;1;1;1;1;T1;Portugal
GCF_001895845;1;1;1;1;1;1;1;1;1;1;1;1;1;1;1;1;1;1;1;1;0;0;0;0;1;1;1;1;1;1;1;1;0;0;0;0;1;1;1;1;1;1;1;LAM9;Portugal
GCF_001895865;1;1;1;1;1;1;1;1;1;1;1;1;1;1;1;1;0;0;0;0;0;1;1;1;1;1;1;1;0;1;1;1;0;0;0;0;1;1;1;1;1;1;1;T1;Portugal
GCF_001922485;1;1;1;1;1;1;1;1;1;1;1;1;1;1;1;1;1;0;0;0;0;1;1;1;1;1;1;1;1;0;1;1;0;0;0;0;1;1;1;1;1;1;1;T1;Portugal
GCF_001938725;1;1;1;1;1;1;1;1;1;1;1;1;1;1;1;1;1;1;1;0;0;1;1;1;1;1;1;1;1;1;1;1;0;0;0;0;1;1;1;1;1;1;1;T-H37Rv;Portugal
GCF_001941665;0;1;0;0;0;0;0;0;0;0;0;0;0;0;0;0;1;1;1;1;1;1;1;1;1;1;1;0;1;1;1;1;1;1;1;1;1;1;0;0;0;0;0;BOV_4-CAPRAE;Portugal
GCF_001969025;0;0;0;0;0;0;0;0;0;0;0;0;0;0;0;0;0;0;0;0;0;0;0;0;1;0;0;0;0;0;0;1;0;0;0;0;1;1;1;1;0;1;1;H2;Portugal
GCF_001969035;0;0;0;0;0;0;0;0;0;0;0;0;0;0;0;0;0;0;0;0;0;0;0;0;1;0;0;0;0;0;0;1;0;0;0;0;1;1;1;1;0;1;1;H2;Portugal
