StrainID;var1;var2;var3;var4;var5;var6;var7;var8;var9;var10;var11;var12;var13;var14;var15;var16;var17;var18;var19;var20;var21;var22;var23;var24;var25;var26;var27;var28;var29;var30;var31;var32;var33;var34;var35;var36;var37;var38;var39;var40;var41;var42;var43;Type
A00001;1;1;1;1;1;1;1;1;1;1;1;1;1;1;1;1;1;1;1;1;0;0;0;0;1;1;1;1;0;1;1;1;0;0;0;0;1;1;1;1;1;1;1;Lineage 
A00002;1;1;1;0;0;0;0;0;0;0;0;0;0;0;1;1;1;1;1;1;1;1;1;1;0;0;0;0;1;1;1;1;0;0;0;0;1;1;1;1;1;1;1;LAM6
A00003;1;1;1;1;1;1;1;1;1;1;1;0;0;0;0;0;0;0;0;1;0;0;0;0;1;1;1;1;1;1;1;1;0;0;0;0;1;1;1;1;1;1;1;T1
A00004;1;1;1;1;1;1;1;1;0;0;0;1;1;1;1;1;1;1;1;0;0;0;0;0;0;0;0;0;0;0;0;0;0;0;0;0;0;0;1;1;1;1;1;LAM5
A00005;1;1;1;1;1;1;1;1;1;1;1;1;1;1;1;1;1;1;1;1;1;1;1;1;1;1;1;1;1;1;1;1;0;0;0;0;1;1;0;0;0;0;1;Unknown
A00006;1;1;1;1;1;1;1;1;1;1;1;1;1;1;1;1;1;1;1;1;0;0;0;0;1;1;1;1;1;1;1;1;0;0;0;0;1;1;1;1;1;1;1;T1
A00007;1;0;0;0;0;0;0;0;0;0;0;0;0;0;1;1;1;1;1;1;0;0;0;0;0;0;0;1;0;1;1;1;0;0;0;0;1;1;1;0;1;1;1;LAM9
A00008;1;1;1;1;1;1;1;1;1;1;1;1;0;0;0;0;1;1;1;1;1;1;1;1;1;1;1;1;1;1;1;1;0;0;0;0;1;1;1;1;1;1;1;T2
A00009;1;1;1;1;1;1;1;1;1;1;1;1;1;1;1;1;1;1;1;1;1;1;1;1;1;1;1;1;1;1;1;1;0;0;0;0;1;0;0;1;1;1;1;T
A00010;1;1;1;1;1;1;1;1;1;1;1;1;1;1;1;1;1;1;1;1;1;1;1;1;1;1;1;1;1;1;0;1;0;0;0;0;1;1;1;1;1;1;1;T1
A00011;1;1;1;1;1;1;1;1;1;1;1;1;1;1;1;1;1;1;1;1;0;0;0;0;1;1;1;1;0;1;1;1;0;0;0;0;0;1;1;1;1;1;1;H3
A00012;0;0;0;0;0;0;0;0;0;0;0;0;0;0;0;0;0;0;0;0;0;0;0;0;1;1;1;1;0;1;1;1;0;0;0;0;1;1;1;1;1;1;1;LAM6
A00013;1;0;1;0;0;0;0;0;0;0;0;0;0;0;0;0;0;0;0;0;0;0;0;0;1;0;0;0;0;0;0;0;0;0;0;0;1;1;1;1;1;1;1;LAM3
A00014;1;1;1;1;1;1;1;1;1;1;1;1;1;1;1;1;1;1;1;1;1;1;1;1;1;0;0;0;0;0;0;1;0;0;0;0;1;1;1;1;1;1;1;Unknown
A00015;0;1;1;1;1;1;1;1;1;1;1;1;1;1;1;1;1;1;1;1;0;0;0;0;1;1;1;1;1;1;1;1;0;0;0;0;1;1;1;1;1;1;1;H1
A00016;1;1;1;1;1;1;1;1;1;1;1;1;1;1;1;1;1;1;1;0;1;1;0;1;1;1;1;1;1;1;1;1;0;0;0;0;1;1;1;1;1;1;1;LAM9
A00017;1;0;1;1;1;1;1;1;1;0;1;1;1;1;1;1;1;1;1;1;0;0;0;0;0;0;0;0;0;0;0;0;0;0;0;0;0;0;1;1;1;1;1;T5-
A00018;1;1;1;1;0;0;0;1;1;1;1;1;1;1;1;1;1;1;1;1;0;0;0;0;1;1;1;1;1;1;1;1;0;0;0;0;1;1;1;0;1;1;1;Unknown
A00019;1;1;1;1;1;1;1;1;0;0;0;1;1;1;1;1;1;1;1;1;0;0;0;0;1;1;1;1;1;1;1;1;0;0;0;0;1;1;1;1;1;1;1;LAM4
A00020;1;1;0;1;1;1;1;1;1;1;1;1;0;1;1;1;1;1;1;1;0;0;0;0;1;1;1;1;1;1;1;1;0;0;0;0;1;1;1;1;1;1;1;LAM3
A00021;1;1;1;1;1;1;1;1;1;1;1;1;1;1;1;1;1;1;1;1;0;0;0;0;1;1;1;1;1;1;0;0;0;0;0;0;1;1;1;1;1;1;1;LAM2
A00022;1;1;1;1;1;1;1;1;1;1;1;1;1;1;1;1;1;1;1;1;0;1;1;1;1;1;1;1;1;1;1;1;0;0;0;0;1;1;1;1;1;1;1;LAM9
A00023;1;1;1;1;1;1;1;1;1;1;1;1;0;0;0;0;0;0;0;1;0;0;0;0;1;1;1;1;1;1;1;1;0;0;0;0;1;1;1;1;1;1;1;T1
A00024;1;1;1;1;1;1;1;1;1;1;1;1;1;1;1;1;1;0;1;1;1;1;1;1;1;1;1;1;1;1;1;1;0;0;0;0;1;1;0;0;0;0;1;LAM5
A00025;1;1;1;1;1;1;1;1;1;1;1;1;1;1;1;1;1;1;1;1;0;0;0;0;1;1;0;0;0;0;1;1;0;0;0;0;1;1;1;1;1;1;1;X2
A00026;0;0;0;0;0;0;0;0;0;0;0;0;0;0;0;0;0;0;0;0;0;0;0;0;1;1;1;0;1;1;1;1;0;0;0;0;1;1;1;1;1;1;1;LAM11-
A00027;1;0;1;0;0;0;0;0;0;0;0;0;0;0;0;0;0;0;0;0;0;0;0;0;1;0;0;0;0;0;0;1;0;0;0;0;1;1;1;1;1;1;1;LAM3
A00028;1;1;1;1;1;1;1;1;1;1;1;1;1;1;1;1;1;1;1;1;1;1;1;1;1;1;1;1;0;0;0;1;0;0;0;0;1;0;0;0;0;1;0;H1
A00029;1;1;1;1;1;1;1;1;0;0;1;1;1;1;1;1;1;1;1;0;0;0;0;0;0;1;1;1;1;1;1;1;0;0;0;0;1;1;1;1;1;1;1;Ural-1
A00030;1;1;1;1;1;1;1;1;1;1;1;1;1;1;1;1;1;1;1;1;0;0;0;0;0;0;0;0;0;1;1;1;0;0;0;0;1;1;1;0;1;1;1;S
A00031;1;1;1;1;1;1;1;1;1;1;1;0;1;1;1;1;1;1;1;1;1;1;1;1;1;1;1;1;1;1;0;1;0;0;0;0;1;1;1;1;1;1;1;T2
A00032;1;1;1;1;1;1;1;1;0;0;1;1;0;1;1;1;1;1;1;1;1;0;0;0;0;0;0;1;1;1;1;1;0;0;0;0;1;1;1;1;1;1;1;H3
A00033;1;1;1;1;1;1;1;1;1;1;1;1;1;1;1;1;1;1;1;1;0;0;0;0;0;0;0;0;0;0;0;0;0;0;0;0;1;1;1;1;1;1;1;S
A00034;1;1;0;1;1;1;1;1;1;1;1;1;1;1;0;1;1;1;1;1;0;0;0;0;1;1;1;1;1;1;1;1;0;0;0;0;1;1;1;1;1;1;1;LAM
A00035;1;1;1;1;1;1;1;1;1;1;1;1;1;1;1;1;1;1;1;1;0;0;0;0;1;1;1;1;1;1;1;1;0;0;0;0;1;1;0;0;1;1;1;LAM1
A00036;1;1;1;0;1;1;1;1;1;1;1;1;1;1;1;1;1;1;1;1;0;0;0;0;1;1;1;1;1;1;1;1;0;0;0;0;1;1;1;1;1;1;1;LAM4
A00037;1;1;1;1;1;1;1;1;1;1;1;1;1;1;1;1;1;1;1;1;0;0;0;0;0;0;0;0;0;0;0;0;0;0;0;0;0;0;0;0;0;0;0;LAM9
A00038;1;1;1;1;1;1;1;1;1;1;1;1;1;1;1;1;1;1;1;1;1;1;1;1;1;1;1;1;1;1;1;1;0;0;0;0;1;1;1;1;1;1;1;Unknown
A00039;1;1;1;1;1;1;1;1;1;1;1;1;1;1;1;1;1;1;1;1;0;1;0;1;1;1;1;1;1;1;1;1;0;0;0;0;0;0;0;1;1;1;1;T1
A00040;1;1;1;1;1;1;1;1;1;1;1;1;1;1;1;1;1;1;1;1;1;1;1;1;1;1;1;1;1;1;1;1;0;0;0;0;1;1;1;0;1;1;1;T5
A00041;1;1;1;1;1;1;1;1;1;1;1;1;1;1;1;1;1;1;1;1;0;0;0;0;1;0;1;1;1;1;1;1;0;0;0;0;1;0;0;1;1;1;1;T2
A00042;1;1;1;1;1;1;1;1;1;1;1;1;1;1;1;1;1;0;1;1;1;1;1;1;1;1;1;1;1;1;1;1;0;0;0;0;1;1;1;1;1;1;1;LAM9
A00043;1;1;1;1;1;1;1;1;1;1;1;1;1;1;1;1;1;1;1;1;1;1;1;1;1;1;1;1;1;1;1;1;0;0;0;0;1;1;0;1;1;1;1;X1
A00044;1;1;1;1;1;1;1;0;0;0;1;1;1;1;1;1;1;1;1;1;0;0;0;0;1;1;1;1;1;1;1;1;0;0;0;0;1;1;1;0;1;1;1;T1
A00045;1;1;1;1;1;1;1;0;0;0;1;1;1;1;1;1;1;1;1;1;0;0;0;0;1;1;1;1;1;1;1;1;0;0;0;0;1;1;1;1;1;1;1;LAM4
A00046;1;1;0;1;1;1;1;1;1;1;1;1;0;1;1;1;1;1;1;1;0;0;0;0;1;1;1;1;1;0;0;0;0;0;0;0;1;1;1;1;1;1;1;LAM9
A00047;1;1;1;1;1;1;1;1;1;1;1;1;0;1;1;1;1;1;1;1;1;1;1;1;1;1;1;1;1;1;0;1;0;0;0;0;1;1;1;1;1;1;1;Unknown
A00048;1;1;0;1;1;1;1;1;1;1;1;1;0;1;1;1;1;1;1;1;0;0;0;0;1;1;1;1;1;1;1;1;0;0;0;0;1;1;1;0;0;1;1;H3
A00049;1;1;1;1;1;1;1;1;1;1;1;1;0;0;0;0;1;1;1;1;1;0;0;0;0;0;0;0;0;0;0;0;0;0;0;0;0;0;0;0;0;0;0;LAM
A00050;1;1;1;1;1;1;1;1;1;1;1;1;1;1;1;1;1;1;1;1;1;1;1;0;1;0;0;0;0;0;0;1;0;0;0;0;1;1;1;1;1;1;1;Unknown
A00051;1;1;1;1;1;1;1;1;1;1;1;1;0;1;1;1;1;1;1;1;0;0;0;0;1;1;1;1;1;1;1;1;0;0;0;0;1;1;1;1;1;1;1;H1
A00052;1;1;1;1;0;1;1;1;1;1;1;1;1;1;1;1;1;1;1;1;0;0;0;0;1;1;0;1;1;1;1;1;0;0;0;0;1;1;1;1;1;1;1;LAM5
A00053;1;1;1;1;1;1;1;1;1;1;0;1;1;1;1;1;1;1;1;1;0;0;0;0;1;1;1;1;1;1;1;1;0;0;0;0;1;1;1;1;1;1;1;LAM8
A00054;1;1;1;1;0;1;1;1;1;1;1;1;1;1;1;1;1;1;1;1;0;0;0;0;1;1;1;1;0;1;1;0;0;0;0;0;1;1;1;1;1;1;1;LAM9
A00055;0;0;0;0;1;1;1;1;1;1;1;1;1;1;1;1;1;1;1;1;0;0;0;0;1;1;1;1;1;1;1;1;0;0;0;0;1;1;1;1;1;1;1;LAM9
A00056;1;1;1;1;1;1;1;1;1;1;1;1;1;1;1;1;1;1;1;0;0;0;0;1;1;1;1;1;1;1;1;0;0;0;0;0;0;1;1;1;1;1;1;LAM1
A00057;1;0;1;1;1;1;1;1;1;1;1;1;1;1;1;1;1;1;1;1;0;0;0;0;1;1;1;1;1;1;1;1;0;0;0;0;1;1;1;1;1;1;1;T1
A00058;0;0;0;0;0;0;0;0;0;0;0;0;0;0;0;0;0;0;0;0;0;0;0;0;1;0;0;0;0;0;0;1;0;0;0;0;1;1;1;1;1;1;1;LAM9
A00059;1;1;1;1;1;1;1;1;0;0;0;1;1;1;1;1;1;1;1;1;0;0;0;0;1;1;1;1;1;1;1;1;0;0;0;0;1;0;0;1;1;1;1;H2
A00060;1;1;1;1;1;0;1;1;1;1;1;1;1;1;1;1;1;1;1;1;1;1;1;1;1;1;1;1;1;1;0;1;0;0;0;0;1;1;1;1;1;1;1;LAM3
A00061;1;1;1;1;1;0;1;1;1;1;1;1;0;1;1;1;1;1;1;1;0;0;0;0;1;1;1;1;1;1;1;1;0;0;0;0;1;1;1;1;1;1;1;H3
A00062;1;1;1;1;1;1;1;1;1;1;1;1;1;1;1;1;1;1;1;1;0;1;1;0;0;1;1;1;1;1;1;1;0;0;0;0;1;1;1;1;1;1;1;LAM5
A00063;1;1;1;0;0;0;0;0;0;0;0;0;0;1;1;1;1;0;1;1;1;1;1;1;1;1;1;1;1;1;1;1;0;0;0;0;1;1;1;1;1;1;1;T1
A00064;1;1;1;1;1;1;1;1;0;0;1;1;1;1;1;1;1;1;1;1;1;1;1;1;1;1;1;1;1;1;1;1;0;0;0;0;1;1;1;1;1;1;1;X3
A00065;1;1;0;1;1;1;1;1;1;1;1;1;1;1;1;1;1;1;1;1;0;0;0;0;1;1;0;1;1;1;1;1;0;0;0;0;1;1;1;1;1;1;1;S
A00066;1;1;1;1;1;1;1;1;1;1;1;1;1;1;1;1;1;1;0;1;1;0;1;1;1;1;1;1;1;1;1;1;0;0;0;0;1;1;1;1;1;1;1;LAM8
A00067;1;1;1;1;1;1;1;1;1;1;1;1;1;1;1;1;1;1;1;0;0;0;0;1;1;1;1;0;1;1;0;0;0;0;0;0;1;1;1;1;1;1;1;T4
A00068;1;0;0;0;0;0;0;0;0;0;0;0;0;1;1;1;1;1;1;1;0;0;0;0;1;1;1;1;1;1;1;1;0;0;0;0;1;1;1;1;1;1;1;Unknown
A00069;1;1;1;1;1;1;1;1;0;0;1;1;1;0;0;0;0;0;0;0;0;0;0;0;0;0;0;0;0;0;0;0;0;0;0;0;0;0;1;1;1;1;1;LAM3
A00070;1;1;0;1;1;0;1;1;1;1;1;1;1;1;1;1;1;1;1;1;0;0;0;0;1;1;1;1;1;1;1;1;0;0;0;0;1;1;1;1;1;1;1;Unknown
A00071;1;1;0;1;1;0;1;0;1;1;1;1;1;1;1;1;1;1;1;1;0;0;0;0;1;1;1;1;1;1;1;1;0;0;0;0;1;1;1;1;1;1;1;LAM1
A00072;1;1;1;1;0;1;1;1;1;1;1;1;1;1;1;1;1;1;1;1;1;1;1;1;1;1;1;1;1;1;0;1;0;0;0;0;1;1;1;1;1;1;1;LAM1
A00073;1;1;1;1;1;1;1;1;0;0;1;1;1;0;0;0;0;0;0;0;0;0;0;0;0;0;0;0;0;0;0;0;0;0;0;0;0;0;0;1;1;1;1;H3
A00074;1;1;1;1;1;1;1;1;1;1;1;1;1;1;1;1;1;1;1;1;0;0;0;0;0;0;0;0;0;0;0;0;0;0;0;0;1;1;1;0;1;1;1;Unknown
A00075;1;1;1;1;1;1;1;1;0;0;1;1;1;1;1;1;1;1;1;1;0;0;0;0;1;1;1;1;0;1;1;1;0;0;0;0;1;1;1;1;1;1;1;Unknown
A00076;1;1;0;1;1;1;1;1;1;1;1;1;1;1;1;1;1;1;1;1;0;0;0;0;1;1;1;1;1;1;1;1;0;0;0;0;1;1;1;1;1;1;1;LAM6
A00077;1;1;1;1;1;1;1;1;1;1;1;1;1;1;1;1;1;1;0;1;0;0;0;0;1;1;1;1;1;1;1;1;0;0;0;0;1;1;1;1;1;1;1;LAM1
A00078;1;1;0;0;0;0;0;0;0;0;0;0;0;0;0;0;0;0;0;0;0;0;0;0;0;0;0;0;0;0;1;1;0;0;0;0;1;1;1;0;1;1;1;LAM9
A00079;1;1;1;0;0;0;0;0;0;0;0;0;0;0;0;0;0;0;0;0;0;0;0;0;1;0;0;0;0;0;0;1;0;0;0;0;1;1;1;1;1;1;1;T2
A00080;1;1;1;1;1;1;1;1;1;1;1;1;1;1;0;1;1;1;1;1;1;1;1;1;1;1;1;1;1;1;1;1;0;0;0;0;1;0;0;1;1;1;1;H1
A00081;1;1;1;1;1;1;1;1;0;0;0;1;0;1;1;1;1;1;1;1;0;0;0;0;1;1;1;1;1;1;1;1;0;0;0;0;1;1;1;1;1;1;1;T1
A00082;1;1;1;1;0;1;1;1;1;1;1;1;1;1;0;1;1;1;1;1;0;0;0;0;1;1;1;1;1;1;1;1;0;0;0;0;1;1;1;1;1;1;1;LAM3
A00083;1;1;1;1;1;1;1;1;1;1;0;1;1;1;1;1;1;1;1;1;0;0;0;0;0;0;0;0;0;0;0;0;0;0;0;0;0;0;0;0;0;0;0;LAM9
A00084;1;1;1;1;1;1;1;1;1;1;1;1;1;1;1;1;1;1;1;1;0;1;1;1;1;1;1;1;0;1;1;1;0;0;0;0;1;1;1;0;1;1;1;Unknown
A00085;1;1;1;0;0;0;0;0;0;0;0;0;1;1;1;1;1;0;1;1;1;1;1;1;1;1;1;1;1;1;1;1;0;0;0;0;1;1;1;1;1;1;1;T2
A00086;1;1;1;1;1;1;1;1;1;1;1;1;0;1;1;1;1;0;1;1;1;1;1;1;1;1;1;1;1;1;1;1;0;0;0;0;1;1;1;1;1;1;1;X3
A00087;1;1;1;1;1;1;1;1;1;1;1;1;1;1;1;1;1;1;1;1;0;0;0;0;1;1;1;1;0;1;1;0;0;0;0;0;1;1;1;1;1;1;1;X1
A00088;1;0;1;1;1;1;1;1;1;1;1;1;0;0;1;1;1;1;1;0;0;0;0;1;1;1;1;1;0;1;1;1;0;0;0;0;1;1;1;1;1;1;1;LAM9
A00089;1;1;1;1;1;1;1;1;1;1;1;1;1;1;1;1;1;1;1;1;1;1;1;1;1;0;0;0;0;0;0;1;0;0;0;0;1;1;0;1;1;0;0;T1
A00090;1;1;0;1;0;1;1;1;1;1;1;1;1;0;1;1;1;1;1;1;0;0;0;0;1;1;1;1;1;1;1;1;0;0;0;0;1;1;1;1;1;1;1;H1
A00091;1;1;1;1;1;1;1;1;0;0;0;1;1;1;1;1;1;1;1;1;0;0;0;0;1;1;1;1;1;1;1;1;0;0;0;0;1;1;1;0;1;1;1;LAM1
A00092;1;1;1;1;1;1;1;1;1;1;1;1;1;1;1;1;1;1;1;1;0;0;0;0;1;1;1;1;0;0;1;1;0;0;0;0;1;1;1;0;1;1;1;LAM3
A00093;0;1;1;1;1;1;1;1;1;1;0;0;0;0;0;0;0;0;0;0;0;0;0;0;0;0;0;0;0;0;0;0;0;0;0;0;0;0;1;0;1;1;1;LAM4
A00094;0;1;1;1;1;1;1;1;1;1;1;1;1;1;1;1;1;1;1;1;1;1;1;1;1;1;1;1;1;1;0;1;0;0;0;0;1;1;1;1;1;1;1;Unknown
A00095;0;0;0;0;0;0;0;0;0;0;0;0;0;0;0;0;0;0;0;0;0;0;0;0;1;1;1;1;1;1;1;1;0;0;0;0;1;1;1;1;1;1;1;H3
A00096;1;1;1;1;1;1;1;1;1;1;1;1;1;1;1;1;1;1;1;1;1;1;1;1;1;1;1;1;0;1;1;1;0;0;0;0;1;1;1;1;1;1;1;Unknown
A00097;1;1;1;0;1;1;1;1;1;1;1;1;1;1;1;1;1;1;1;1;1;1;1;1;1;1;1;1;1;1;1;1;0;0;0;0;1;1;1;1;1;1;1;T1
A00098;1;1;1;1;1;0;1;1;1;1;1;1;1;1;1;1;1;1;1;1;0;0;0;0;1;1;1;1;1;1;1;1;0;0;0;0;1;1;1;1;1;1;1;T1
A00099;1;1;1;1;1;1;1;1;1;1;1;1;1;1;1;1;1;1;1;1;1;1;1;1;1;1;1;1;1;1;0;0;0;0;0;0;0;0;0;0;0;0;0;LAM9
A00100;1;1;1;1;1;1;1;1;1;1;1;1;0;1;1;1;1;0;1;1;1;1;1;1;1;1;1;1;1;1;1;1;0;0;0;0;1;1;0;0;0;0;1;Unknown
A00101;1;1;1;1;1;1;1;0;1;1;1;1;1;1;0;1;1;1;1;1;0;0;0;0;0;0;0;0;0;1;1;1;0;0;0;0;1;1;1;1;1;1;1;X2
A00102;1;1;1;1;1;1;1;1;0;0;0;0;0;1;0;0;0;1;1;1;0;0;0;0;1;1;1;1;1;1;1;1;0;0;0;0;1;1;1;1;1;1;1;T1
A00103;1;1;0;1;1;1;1;1;1;1;1;1;1;1;1;1;1;1;1;1;1;1;1;1;1;1;1;1;1;1;0;1;0;0;0;0;1;1;1;1;1;1;1;LAM3
A00104;1;1;1;1;1;1;1;1;1;1;1;1;1;1;1;1;1;1;1;1;1;1;1;1;1;1;1;1;1;1;1;1;0;0;0;0;0;1;1;1;1;1;1;H3
A00105;1;1;0;1;1;1;1;1;1;1;1;1;0;1;1;1;1;1;0;1;0;0;0;0;1;1;1;1;1;1;1;1;0;0;0;0;1;1;1;1;1;1;1;T
A00106;1;1;0;1;1;1;1;1;1;1;1;1;0;1;1;1;1;1;1;1;0;0;0;0;1;1;1;1;1;1;1;1;0;0;0;0;1;1;0;1;1;1;1;LAM2
A00107;1;1;1;1;0;0;1;1;1;1;1;1;1;1;1;1;1;1;1;1;0;0;0;0;1;1;1;1;1;1;1;1;0;0;0;0;1;1;1;1;1;1;1;LAM2
A00108;1;1;1;1;1;1;1;1;1;1;1;1;1;1;1;1;1;1;1;1;1;1;1;1;1;1;1;1;0;0;0;1;0;0;0;0;1;1;1;1;1;1;1;LAM9
A00109;1;1;1;1;1;1;1;1;0;0;0;0;0;0;0;0;0;0;0;0;0;0;0;0;0;0;0;0;0;0;0;0;0;0;0;0;0;0;1;1;1;1;1;Ural-1
A00110;1;1;0;1;1;1;1;1;1;1;1;1;1;1;1;1;1;1;1;1;0;0;0;0;1;1;1;1;1;0;1;1;0;0;0;0;1;1;1;1;1;1;1;Unknown
A00111;1;1;1;1;1;1;1;1;1;1;1;1;1;1;1;1;1;1;1;1;0;0;0;0;0;0;0;0;0;0;1;1;0;0;0;0;1;1;1;0;1;1;1;LAM1
A00112;1;1;1;1;1;1;1;1;1;1;1;1;1;1;1;1;1;1;1;1;0;0;0;0;1;1;1;1;0;1;1;1;0;0;0;0;1;1;1;0;1;1;1;T2
A00113;0;1;1;1;1;1;1;1;1;1;1;1;1;1;1;1;1;1;1;1;0;0;0;0;1;1;1;1;1;1;1;1;0;0;0;0;1;1;1;0;1;1;1;LAM6
A00114;1;1;1;1;1;1;1;1;1;1;1;1;1;1;1;1;1;1;1;1;0;0;0;0;1;1;1;1;1;1;1;1;0;0;0;0;1;1;1;0;1;1;1;LAM4
A00115;1;0;1;1;1;1;1;1;1;1;1;0;0;1;1;1;1;1;1;0;0;0;0;1;1;1;1;1;0;1;1;1;0;0;0;0;1;1;1;1;1;1;1;LAM4
A00116;1;1;1;1;1;1;1;0;1;1;1;1;1;1;0;1;1;1;1;1;1;1;1;1;1;1;1;1;1;1;1;1;0;0;0;0;1;0;0;1;1;1;1;T1
A00117;1;1;1;1;1;1;1;1;1;1;1;1;1;1;0;1;1;1;1;1;0;0;0;0;1;1;1;1;1;1;1;1;0;0;0;0;1;1;1;1;1;1;1;T1
A00118;1;1;1;1;1;1;1;1;1;1;1;1;1;1;1;1;0;0;0;0;0;1;1;1;1;1;1;1;0;1;1;1;0;0;0;0;1;1;1;1;0;1;1;LAM9
A00119;1;1;1;1;1;1;1;1;1;1;1;1;1;1;1;1;1;0;1;1;1;1;1;1;1;1;1;1;1;1;1;1;0;0;0;0;1;1;0;1;0;0;1;T1
A00120;1;1;1;1;1;1;1;1;1;1;1;1;1;1;1;1;1;1;1;1;0;0;0;0;0;0;0;1;0;1;1;1;0;0;0;0;1;1;1;0;1;1;1;X1
A00121;1;1;1;1;1;1;1;1;1;1;1;1;1;1;1;1;1;1;1;1;1;1;1;1;1;1;1;1;1;1;1;1;0;0;0;0;0;0;0;0;0;1;1;T2
A00122;0;0;0;0;0;0;0;0;0;0;0;0;0;0;0;0;0;0;0;0;0;0;0;0;0;1;1;1;1;1;1;1;0;0;0;0;1;1;1;1;1;1;1;T1
A00123;1;1;1;1;1;1;1;1;1;1;1;1;1;1;1;1;1;1;1;1;0;1;1;0;0;0;0;0;0;0;0;0;0;0;0;0;0;0;1;1;1;1;1;Unknown
A00124;1;1;1;1;1;1;1;1;1;1;1;1;1;1;0;1;1;1;1;1;1;1;1;1;1;1;1;1;1;1;0;1;0;0;0;0;1;1;1;1;1;1;1;Unknown
A00125;1;1;1;1;1;1;1;1;1;1;1;1;1;1;1;1;1;1;1;1;1;1;1;1;1;1;1;1;1;1;1;1;0;0;0;0;1;1;1;0;0;0;0;H3
A00126;1;1;1;1;1;1;1;1;0;0;0;0;0;0;0;0;0;0;0;0;0;0;0;0;0;1;1;1;1;1;1;1;0;0;0;0;1;1;1;1;1;1;1;T1
A00127;1;1;1;1;1;1;1;1;1;1;1;1;1;1;1;1;1;1;1;1;1;1;1;1;0;0;0;0;0;0;0;0;0;0;0;0;1;1;1;1;1;1;1;T1
A00128;1;1;1;1;1;1;1;1;1;1;1;1;1;1;1;1;1;1;1;1;0;0;0;0;1;1;1;1;0;1;0;1;0;0;0;0;1;1;1;1;1;1;1;Unknown
A00129;1;1;1;1;1;1;1;1;1;1;1;1;1;1;1;1;1;1;1;1;1;1;1;1;1;1;1;1;1;1;0;1;0;0;0;0;1;0;0;1;1;1;1;H3
A00130;1;0;0;1;1;1;1;1;1;1;1;1;1;1;1;1;1;1;1;1;1;1;0;0;0;0;0;0;0;0;0;0;0;0;0;0;0;0;0;0;0;1;1;H3
A00131;1;1;1;1;1;1;1;1;0;0;1;1;1;1;1;1;1;1;1;1;1;1;1;1;1;1;1;1;1;1;1;1;0;0;0;0;1;1;1;1;0;1;1;Unknown
A00132;1;1;1;1;1;1;1;1;1;1;1;0;0;0;1;1;1;1;1;1;1;1;1;1;1;1;1;1;1;1;0;1;0;0;0;0;1;1;1;1;1;1;1;S
A00133;1;1;1;1;1;1;1;1;1;1;1;1;1;1;1;1;1;0;1;1;1;1;1;1;1;1;1;1;1;1;1;1;0;0;0;0;1;1;0;0;0;0;0;H3
A00134;1;1;0;1;1;1;1;1;1;1;1;1;0;1;1;1;1;1;1;1;0;0;0;0;1;1;1;1;1;1;1;1;0;0;0;0;1;1;1;0;0;0;0;X2
A00135;1;1;1;1;1;1;1;1;1;1;1;1;1;1;1;1;1;1;1;1;1;1;1;1;1;1;1;1;1;1;1;1;1;0;0;0;1;1;1;1;1;1;1;LAM2
A00136;1;0;0;1;1;1;1;1;1;1;1;1;1;1;1;1;1;1;1;1;1;1;1;1;1;1;1;1;0;0;0;0;1;0;1;1;0;0;0;1;1;1;1;Manu3
A00137;1;1;1;1;1;1;1;1;1;1;1;1;1;1;1;1;1;1;1;1;1;1;1;1;1;1;1;1;0;0;0;0;1;0;1;1;1;1;1;0;1;1;1;EAI3
A00138;1;1;1;1;1;1;1;1;1;1;1;1;1;1;1;1;1;1;1;1;1;1;1;1;1;1;1;1;1;1;1;1;1;0;0;0;1;1;1;0;0;1;1;EAI1-
A00139;1;0;1;1;1;1;1;1;1;1;1;1;1;1;1;1;1;1;1;1;1;1;1;1;1;1;1;1;1;1;1;1;0;0;0;0;1;1;1;1;1;1;1;Manu3
A00140;1;1;1;1;1;1;1;1;1;1;1;1;1;1;1;1;1;1;1;1;1;1;1;1;1;1;1;1;1;1;1;1;0;0;0;0;1;1;1;1;1;0;1;T1
A00141;1;1;1;0;0;0;0;1;1;1;1;1;1;1;1;1;1;1;1;1;1;1;0;0;0;0;0;0;0;0;0;0;0;0;0;0;1;1;1;1;1;1;1;T1
A00142;0;0;0;0;0;0;0;0;0;0;0;0;0;0;0;0;0;0;0;0;0;0;0;0;0;0;0;0;0;0;0;0;0;0;1;1;1;1;1;1;1;1;1;CAS1-
A00143;1;1;1;0;0;0;0;1;1;1;1;1;1;1;1;1;1;1;1;1;1;1;0;0;0;0;0;0;0;0;0;0;0;0;1;1;1;1;0;1;1;1;1;Beijing
A00144;1;1;1;0;0;0;0;1;1;1;1;1;1;1;1;1;1;1;1;1;1;1;0;0;0;0;0;0;0;0;0;0;0;0;1;1;1;1;1;1;1;1;1;CAS1-
A00145;1;1;1;0;0;0;0;1;1;1;1;1;1;1;1;1;1;1;1;1;1;0;0;0;0;0;0;0;0;0;0;0;0;0;0;0;0;0;1;1;1;1;1;CAS1-
A00146;1;1;1;1;1;1;1;1;1;1;1;1;1;1;0;0;0;1;0;0;0;1;0;1;1;1;1;1;1;1;1;1;1;0;0;0;1;1;1;1;1;1;1;CAS
A00147;1;1;1;0;0;0;0;1;1;0;0;0;0;0;0;0;0;1;1;1;1;1;0;0;0;0;0;0;0;0;0;0;0;0;1;1;1;1;1;1;1;1;1;Manu3
A00148;1;1;1;0;0;0;0;0;0;0;0;0;0;0;0;0;1;1;1;1;1;1;1;0;0;0;0;0;0;0;0;0;0;0;0;0;0;0;1;1;1;1;1;CAS1-
A00149;1;1;1;1;1;1;1;1;1;1;1;1;0;1;1;1;1;1;1;1;1;1;1;1;1;1;1;1;1;1;1;0;0;0;0;0;0;1;1;1;1;1;1;Unknown
A00150;1;1;1;0;0;0;0;1;1;1;1;1;1;1;1;1;1;1;1;1;1;1;0;0;0;0;0;0;0;0;0;0;0;0;1;1;0;0;0;1;1;1;1;T3

